{
    "jp-ea-emb-ada": 0.05,
    "360GPT_S2_V9": 0.8572,
    "360gpt-pro": 0.8572,
    "360gpt-turbo": 0.0858,
    "360gpt-turbo-responsibility-8k": 0.8572,
    "BLOOMZ-7B": 0.273972602739726,
    "ERNIE-3.5-4K-0205": 0.821917808219178,
    "ERNIE-3.5-8K": 0.821917808219178,
    "ERNIE-3.5-8K-0205": 1.643835616438356,
    "ERNIE-3.5-8K-1222": 0.821917808219178,
    "ERNIE-4.0-8K": 8.219178082191782,
    "ERNIE-Bot-8K": 1.643835616438356,
    "ERNIE-Lite-8K-0308": 0.2054794520547945,
    "ERNIE-Lite-8K-0922": 0.547945205479452,
    "ERNIE-Speed-128K": 0.273972602739726,
    "ERNIE-Speed-8K": 0.273972602739726,
    "ERNIE-Tiny-8K": 0.0684931506849315,
    "Embedding-V1": 0.136986301369863,
    "PaLM-2": 1,
    "SparkDesk-v1.1": 1.2858,
    "SparkDesk-v2.1": 1.2858,
    "SparkDesk-v3.1": 1.2858,
    "SparkDesk-v3.5": 1.2858,
    "SparkDesk-v4.0": 1.2858,
    "ada": 10,
    "babbage": 10,
    "babbage-002": 0.2,
    "bge-large-en": 0.136986301369863,
    "bge-large-zh": 0.136986301369863,
    "chatglm_lite": 0.1429,
    "chatglm_pro": 0.7143,
    "chatglm_std": 0.3572,
    "chatglm_turbo": 0.3572,
    "chatgpt-4o-latest": 2.5,
    "claude-2.0": 4,
    "claude-2.1": 4,
    "claude-3-5-sonnet-20240620": 1.5,
    "claude-3-5-sonnet-20241022": 1.5,
    "claude-3-haiku-20240307": 0.125,
    "claude-3-opus-20240229": 7.5,
    "claude-3-sonnet-20240229": 1.5,
    "claude-instant-1": 0.4,
    "code-davinci-edit-001": 10,
    "command": 0.5,
    "command-light": 0.5,
    "command-light-nightly": 0.5,
    "command-nightly": 0.5,
    "command-r": 0.25,
    "command-r-08-2024": 0.075,
    "command-r-plus": 1.5,
    "command-r-plus-08-2024": 1.25,
    "curie": 10,
    "davinci": 10,
    "davinci-002": 1,
    "deepseek-chat": 0.07,
    "deepseek-coder": 0.07,
    "embedding-bert-512-v1": 0.0715,
    "embedding_s1_v1": 0.0715,
    "gemini-1.0-pro-001": 1,
    "gemini-1.0-pro-latest": 1,
    "gemini-1.0-pro-vision-001": 1,
    "gemini-1.0-pro-vision-latest": 1,
    "gemini-1.5-flash-exp-0827": 1,
    "gemini-1.5-flash-latest": 1,
    "gemini-1.5-pro-exp-0827": 1.75,
    "gemini-1.5-pro-latest": 1.75,
    "gemini-pro": 1,
    "gemini-pro-vision": 1,
    "gemini-ultra": 1,
    "glm-3-turbo": 0.3572,
    "glm-4": 7.143,
    "glm-4-0520": 6.8493150684931505,
    "glm-4-air": 0.0684931506849315,
    "glm-4-airx": 0.684931506849315,
    "glm-4-alltools": 6.8493150684931505,
    "glm-4-flash": 0,
    "glm-4-long": 0.0684931506849315,
    "glm-4-plus": 3.4246575342465753,
    "glm-4v": 3.4246575342465753,
    "glm-4v-plus": 0.684931506849315,
    "gpt-3.5-turbo": 0.25,
    "gpt-3.5-turbo-0125": 0.25,
    "gpt-3.5-turbo-0613": 0.75,
    "gpt-3.5-turbo-1106": 0.5,
    "gpt-3.5-turbo-16k": 1.5,
    "gpt-3.5-turbo-16k-0613": 1.5,
    "gpt-3.5-turbo-instruct": 0.75,
    "gpt-4": 15,
    "gpt-4-0125-preview": 5,
    "gpt-4-0613": 15,
    "gpt-4-1106-preview": 5,
    "gpt-4-1106-vision-preview": 5,
    "gpt-4-32k": 30,
    "gpt-4-32k-0613": 30,
    "gpt-4-all": 15,
    "gpt-4-gizmo-*": 15,
    "gpt-4-turbo": 5,
    "gpt-4-turbo-2024-04-09": 5,
    "gpt-4-turbo-preview": 5,
    "gpt-4-vision-preview": 5,
    "gpt-4o": 2.5,
    "gpt-4o-2024-05-13": 2.5,
    "gpt-4o-2024-08-06": 1.25,
    "gpt-4o-all": 15,
    "jp-ea-4o": 2.5,
    "gemini-2.0-flash-exp": 2.5,
    "gemini-exp-1206": 2.5,
    "grok-2-1212": 2.5,
    "gpt-4o-gizmo-*": 2.5,
    "gpt-4o-mini": 0.075,
    "gpt-4o-mini-2024-07-18": 0.075,
    "hunyuan": 7.143,
    "llama-3-sonar-large-32k-chat": 0,
    "llama-3-sonar-large-32k-online": 0,
    "llama-3-sonar-small-32k-chat": 0.1,
    "llama-3-sonar-small-32k-online": 0.1,
    "o1-mini": 1.5,
    "o1-mini-2024-09-12": 1.5,
    "o1-preview": 7.5,
    "o1-preview-2024-09-12": 7.5,
    "qwen-plus": 10,
    "qwen-turbo": 0.8572,
    "semantic_similarity_s1_v1": 0.0715,
    "tao-8k": 0.136986301369863,
    "text-ada-001": 0.2,
    "text-babbage-001": 0.25,
    "text-curie-001": 1,
    "text-davinci-edit-001": 10,
    "text-embedding-3-large": 0.065,
    "text-embedding-3-small": 0.01,
    "text-embedding-ada-002": 0.05,
    "text-embedding-v1": 0.05,
    "text-moderation-latest": 0.1,
    "text-moderation-stable": 0.1,
    "text-search-ada-doc-001": 10,
    "tts-1": 7.5,
    "tts-1-1106": 7.5,
    "tts-1-hd": 15,
    "tts-1-hd-1106": 15,
    "whisper-1": 15,
    "yi-34b-chat-0205": 0.18,
    "yi-34b-chat-200k": 0.864,
    "yi-large": 1.36986301369863,
    "yi-large-preview": 1.36986301369863,
    "yi-large-rag": 1.7123287671232876,
    "yi-large-rag-preview": 1.7123287671232876,
    "yi-large-turbo": 0.821917808219178,
    "yi-medium": 0.17123287671232876,
    "yi-medium-200k": 0.821917808219178,
    "yi-spark": 0.0684931506849315,
    "yi-vision": 0.410958904109589,
    "yi-vl-plus": 0.432
}